Question,Answer,Score,Valeur,Commentaire
"Si le Pr√©sident du Conseil Actuel (l‚Äôun des Administrateurs qui va √™tre remplac√©) ne signe pas les convocations du CA.
Est-ce que le DG de la soci√©t√© peut convoquer le CA sans respecter le d√©lai de 15 jours √† compter de la date de la demande ou est-ce que un autre Administrateur/CAC pourra signer les convocations ?","1. Le Directeur G√©n√©ral (DG) peut convoquer le Conseil d'Administration (CA) sans respecter le d√©lai de 15 jours √† compter de la date de la demande, mais un autre Administrateur ou le Comit√© de Surveillance peuvent signer les convocations.

2. La convention est mise en place suivant le statut de la soci√©t√© et doit √™tre approuv√©e par l'Assembl√©e G√©n√©rale Ordinaire prochaine. Le commissaire compte peut pr√©senter cette convention lors du rapport sp√©cial √† l'assembl√©e, lequel fixe son contenu et sa modification.

3. L'avis de convocation doit mentionner la d√©nomination sociale de la soci√©t√© suivi (si n√©cessaire) du sigle, ainsi que l'agr√©ement ou non du conseil d'administration et du comit√© de surveillance. Il doit √©galement indiquer les conditions et modalit√©s du vote correspondant √† l'article 13 de la loi sur les assembl√©es g√©n√©rales.

4. Dans le cas d'une urgence, le d√©lai peut √™tre r√©duit ou supprim√© pour la r√©union du Conseil par le Pr√©sident ou par le commissaire compte. Si le Pr√©sident est absent, le Directeur G√©n√©ral peut prendre cette d√©cision.

5. Le Directeur G√©n√©ral ne peut pas emp√™cher l'exercice de la fonction de Directeur G√©n√©ral, mais sa d√©cision contraire √† celle du conseil peut √™tre contest√©e. Si le Directeur G√©n√©ral cesse d'exercer sa fonction, le Conseil de Surveillance peut r√©voquer.

6. Les administrateurs peuvent donner mandat √©crit ou procuration pour participer √† la r√©union du conseil administration. Le calcul du quorum et de la majorit√© est pr√©voir selon les dispositions applicables (article 63, 67 bis, 67 ter, 72 ii).

7. Toute convention qui intervient ou entre dans la soci√©t√© anonyme doit √™tre approuv√©e par l'Assembl√©e G√©n√©rale Ordinaire et devrait √™tre soumise √† l'autorisation du conseil d'administration (article 131 bis).

8. Les d√©tenteurs indirects de capital avec droit de vote doivent soumettre une autorisation au conseil d'administration pour chaque convention visant √† modifier le statut pr√©c√©dent (alin√©a).

9. La soci√©t√© peut prendre des mesures en cas de fraude, et le conseil administration peut donner mandat √©crit pour autoriser un remboursement de frais de voyage ou d√©placement lorsque cela sert les int√©r√™ts de la soci√©t√© (article 56).

10. Si l'actionnaire directeur g√©n√©ral directeur g√©n√©ral d√©l√©gu√© commet une escroquerie, il peut √™tre r√©put√© pr√©sent √† la r√©union du conseil administration et le calcul du quorum et de la majorit√© sera pr√©voir selon les dispositions applicables (article 63, 67 bis, 67 ter, 72 ii).",üëç,Positif,NAN
